Workbook

Sheet Master
A1: SKU | B1: Description | C1: Qty | D1: Unit Cost
A2: SKU-0002 | B2: Product 2 | C2: 200 | D2: 3
A3: SKU-0003 | B3: Product 3 | C3: 300 | D3: 4.5
A4: SKU-0004 | B4: Product 4 | C4: 400 | D4: 6
A5: SKU-0005 | B5: Product 5 | C5: 500 | D5: 7.5
A6: SKU-0006 | B6: Product 6 | C6: 600 | D6: 9
A7: SKU-0007 | B7: Product 7 | C7: 700 | D7: 10.5
A8: SKU-0008 | B8: Product 8 | C8: 800 | D8: 12
A9: SKU-0009 | B9: Product 9 | C9: 900 | D9: 13.5
A10: SKU-0010 | B10: Product 10 | C10: 1000 | D10: 15
A11: SKU-0011 | B11: Product 11 | C11: 1100 | D11: 16.5
A12: SKU-0012 | B12: Product 12 | C12: 1200 | D12: 18
A13: SKU-0013 | B13: Product 13 | C13: 1300 | D13: 19.5
... A51: SKU-0051 | B51: Product 51 | C51: 5100 | D51: 76.5

Sheet Transactions
A1: SKU | B1: Qty | C1: Total
A2: =Master!A4 | B2: 3 | C2: =VLOOKUP(A2,Master!A:D,4,0)*B2
A3: =Master!A5 | B3: 4 | C3: =VLOOKUP(A3,Master!A:D,4,0)*B3
A4: =Master!A6 | B4: 5 | C4: =VLOOKUP(A4,Master!A:D,4,0)*B4
A5: =Master!A7 | B5: 6 | C5: =VLOOKUP(A5,Master!A:D,4,0)*B5
A6: =Master!A8 | B6: 7 | C6: =VLOOKUP(A6,Master!A:D,4,0)*B6
A7: =Master!A9 | B7: 8 | C7: =VLOOKUP(A7,Master!A:D,4,0)*B7
A8: =Master!A10 | B8: 9 | C8: =VLOOKUP(A8,Master!A:D,4,0)*B8
A9: =Master!A11 | B9: 10 | C9: =VLOOKUP(A9,Master!A:D,4,0)*B9
A10: =Master!A12 | B10: 1 | C10: =VLOOKUP(A10,Master!A:D,4,0)*B10
A11: =Master!A13 | B11: 2 | C11: =VLOOKUP(A11,Master!A:D,4,0)*B11
A12: =Master!A14 | B12: 3 | C12: =VLOOKUP(A12,Master!A:D,4,0)*B12
A13: =Master!A15 | B13: 4 | C13: =VLOOKUP(A13,Master!A:D,4,0)*B13
... A49: =Master!A51 | B49: 10 | C49: =VLOOKUP(A49,Master!A:D,4,0)*B49
A50: =Master!A2 | B50: 1 | C50: =VLOOKUP(A50,Master!A:D,4,0)*B50
A51: =Master!A3 | B51: 2 | C51: =VLOOKUP(A51,Master!A:D,4,0)*B51
A52: =Master!A4 | B52: 3 | C52: =VLOOKUP(A52,Master!A:D,4,0)*B52
A53: =Master!A5 | B53: 4 | C53: =VLOOKUP(A53,Master!A:D,4,0)*B53
A54: =Master!A6 | B54: 5 | C54: =VLOOKUP(A54,Master!A:D,4,0)*B54
A55: =Master!A7 | B55: 6 | C55: =VLOOKUP(A55,Master!A:D,4,0)*B55
A56: =Master!A8 | B56: 7 | C56: =VLOOKUP(A56,Master!A:D,4,0)*B56
A57: =Master!A9 | B57: 8 | C57: =VLOOKUP(A57,Master!A:D,4,0)*B57
A58: =Master!A10 | B58: 9 | C58: =VLOOKUP(A58,Master!A:D,4,0)*B58
A59: =Master!A11 | B59: 10 | C59: =VLOOKUP(A59,Master!A:D,4,0)*B59
A60: =Master!A12 | B60: 1 | C60: =VLOOKUP(A60,Master!A:D,4,0)*B60
A61: =Master!A13 | B61: 2 | C61: =VLOOKUP(A61,Master!A:D,4,0)*B61
... A99: =Master!A51 | B99: 10 | C99: =VLOOKUP(A99,Master!A:D,4,0)*B99
A100: =Master!A2 | B100: 1 | C100: =VLOOKUP(A100,Master!A:D,4,0)*B100
A101: =Master!A3 | B101: 2 | C101: =VLOOKUP(A101,Master!A:D,4,0)*B101
